PIDN,Ca,P,pH,SOC,Sand
09gt9UK5,-0.452361862268037,-0.2321465470483698,-0.35957413934803795,-0.4369076600781267,0.07842916601610062
0BVvxJ6a,0.08081050317155669,-0.23715836606722485,0.39831385947505915,-0.29665052973501044,-0.6338865469000805
0KbdgApg,-0.16255579983750135,-0.27009584582296253,0.0987220979860105,-0.09112777131453126,-0.4445757490553004
0MnuuduB,0.06036241379085083,-0.1758431683526932,0.038162999273015245,0.5606226378905181,-1.2298368642461543
0PcIsF9z,-0.49844218693736475,-0.2545601858590949,-1.0418368438644963,-0.06662737511256905,0.08492043381778691
0ShTFLYJ,-0.4674675639512209,-0.3027921434065727,-0.07034293319995655,-0.7541391828669763,0.36107046930391296
0XZh9jka,-0.06991528554454884,-0.16685732117799212,-0.750141543198398,1.132299739896235,-1.1001447810421954
0Y7Wegri,-0.1839126220430769,-0.21160853840152005,0.364075459575794,-0.34619977005998875,0.32751158425097404
0dTqplIM,0.08183957929716101,-0.1993313859970801,0.47607795501503236,0.21369477634030848,-0.7254131930782224
0lNiZicC,-0.4973432403212321,-0.34480016287436255,-0.31152623853148087,-0.44799256721498876,-0.3188708955487882
0rGeJ0QN,-0.40045409560235035,-0.16793425445180443,-0.36793830080299395,-0.19904775222334786,0.6080047403238387
0sXI9ytQ,-0.49548990434963214,-0.20899169646595794,-0.36883309817668697,-0.8823286602424807,1.5706922028061223
0ukt4aP6,0.08665870362641581,-0.25798742434406896,0.6413508515297555,-0.04215063382620904,-0.54218580515989
1AGspb8f,-0.5165388365611114,-0.26774891488895525,-0.832454195483991,0.18099194578165972,-0.5758550106409712
1Csy0gvE,-0.4513974254975466,-0.2317732629999194,-0.28800881109704746,-0.6483392324755213,1.1303196016651735
1Ic2hly1,-0.29352593055751375,-0.11673062579090976,-0.3730754428003913,-0.21213869150033343,0.3151858741160086
1PPbaTwt,-0.28853629260409863,-0.2556210770978117,-0.1585029884015271,-0.31205485943517747,-0.28685971700918045
1SO5VJNy,-0.39346692167216646,-0.1797887333261412,-0.1932323811403177,-0.5647938732398543,1.1384606447740913
1arHxK3Y,0.4577738076795239,-0.1663508529184169,1.2455943623600905,0.03831064004372514,-0.4491591114356619
1fCW4Bba,-0.3928772669990619,-0.1796505092692149,-0.07433527105449544,-0.47644079906921905,0.29262244712447305
1qDZNvIm,-0.5383306560731254,-0.20355175856233776,-0.46741332185711426,-0.7073699591395928,1.1818380872094978
28LYJC2V,-0.35831279323230447,-0.20384602953681674,-0.689296430204695,0.20283713830749944,-0.3769097733100766
2CzACvQq,0.17651471064103819,-0.2737833693909397,1.139239677359284,-0.15907257867212982,-0.5756373881697618
2FT3crfv,-0.10153081745262704,-0.18915921467497998,0.024006673035366514,0.2975347059667505,-0.706043718830311
2Fy2uHVg,-0.5820204915291605,-0.28960673949413596,-0.6796223229873387,-0.6050482609687098,-0.07536818547142776
2MkMEApm,-0.35257837508488477,-0.12409052867928583,0.012323177325307959,-0.5978016684151515,0.961740185362603
2NDGWEOe,0.2668016296383042,-0.26618217167060243,1.6058860105272177,-0.2671607520455123,-0.5662405977127511
2NyyCiqn,-0.3752475919474154,-0.17316802263458864,-0.11144859114144612,-0.5909349439495013,1.0181900239500066
2QRzIb84,0.1736046144856268,-0.19739211612804108,1.2031482365777073,-0.1940645424009116,-0.1826728883522769
2QcbdrUZ,-0.3704898626382951,-0.19091198969943768,-0.2831515586318696,-0.5004773944090284,0.8154502958251606
2YgAimWK,-0.3645109596712923,-0.16905225445787964,-0.03220506769225751,-0.5146666987104718,0.5467768356623206
2cx85d9H,-0.07844026106206248,-0.2924880545665046,0.09155372895905256,-0.017145767581707327,-0.5682174619416482
2homMXMV,-0.4171304299270602,-0.19012377940644554,-0.633252685770457,-0.1846360331385894,0.5527613156649476
2ldLrUtq,-0.45539170136201657,-0.2927588069710777,-0.47199087635204773,-0.06611289364712719,-0.605585496411331
2nsACW6G,-0.47964585586504205,-0.3574868935564006,-1.394016536566176,0.7680843286505739,-1.3643729322122347
2yMbVnWc,-0.17952253588996614,-0.09431030551087649,-0.31391856324621936,0.415500686309712,-0.1643757416803031
36r8sgGQ,-0.45073160593888817,-0.21637511051988934,-0.25584901141284033,-0.6826025124958235,1.1439243647167952
3NXAXCl3,-0.47135747493202373,-0.3063334347136015,-1.2103973212976828,0.4703536401165381,-1.0183834848477187
3QG0z6fl,-0.39242775390607654,-0.26479619048105885,-0.2515061717338708,-0.38007367948650367,-0.09786995794045739
3WS8R9qm,-0.21802590312471937,-0.3021641898200824,-0.7671416281440829,1.2919197570401122,-1.47637298660796
3fRLm8f5,-0.45666706575597305,-0.20436451253668797,-0.6666921719555747,-0.18772315731377193,0.3455006623287561
3mZhp1nQ,-0.4204175338119005,-0.19561602371542586,-0.2784325348302017,-0.4239198727296098,0.7554422089399888
3pikJXRL,-0.5109432745343703,-0.3401628294391833,-1.391511609584228,0.458189646581411,-0.9517116807207071
3pxOEGHL,-0.48831336711848383,-0.2006752038845666,-0.3423670625738897,-0.6852015516209338,0.9558182238935472
3ttdV3f5,-0.3624595952883993,-0.238021642496845,-0.5085266587493512,-0.2433449510190901,0.38488756111338507
3v4X6Mfe,0.3435872387070772,-0.24699711688254833,1.020183684221974,-0.35370866600752876,-0.4429146657519534
3wORuPiv,-0.17210099475461194,-0.20955078424161389,-0.628204765651304,0.2956616779098787,-1.0111641779819371
43EfrxZj,-0.10083904734637983,-0.21820350888801676,0.0986588088941589,0.06848381771008821,-0.5997868771607913
457Vwm21,-0.03917868032722982,-0.21970001356645752,0.4361845096084873,-0.25149323151373454,-0.17946114565348048
46KNnOdx,-0.5746406385713261,-0.2574984533493183,-0.8806367021458081,-0.16881957191345404,0.11339016907108412
47TwNsVC,-0.40368537024225226,-0.3131233006673776,-1.3023621265794767,0.9219577641946921,-1.4578538529187817
49856RpO,-0.5355151114628514,-0.326477996724411,-0.8211535307261549,-0.1382126632026896,-0.6227301472761104
4Ane1o2N,-0.42532936564370494,-0.23526346781745078,-0.2682696066639223,-0.4778206253328395,0.5460998440822094
4AyVUgSc,-0.41487999065515124,-0.3213774694439777,-0.09554071250788754,-0.47131603225274626,0.0113772068370106
4B1951On,-0.06933009756822495,-0.2710325737338358,0.07092989894564572,-0.13637711627977828,-0.7264908457151187
4OL39Teo,-0.12731434376095496,-0.19636011831088374,0.10994735269069034,-0.01659521970085137,-0.43207081570947126
4eQ90eLY,-0.14400526526687418,-0.2002619051585759,-0.14750909619403707,0.1984465806380819,-0.82952268345163
4o5jwMj8,-0.36208458280941835,-0.2257775007164018,-0.0862332191830183,-0.38762848525984267,0.2940290005206211
4vPgpl2c,-0.5195215740305787,-0.251646092835746,-0.4957295322113241,-0.44157350802531764,-0.004134056648032569
51r9aA0d,-0.4481479115772653,-0.3077544713928877,-0.05013864190781315,-0.40392169407581596,-0.1827524230763763
58SmeRoP,-0.29494055121537954,-0.25421556972797754,-0.1314423037542699,0.2137814210422741,-0.4429681135312382
5HJp1AXn,-0.18694313490504255,-0.14575574725891316,-0.6704768730009779,0.1716335034915159,-0.28229415788349366
5MBZW7fx,-0.032979493931720505,-0.25726160101518614,0.7515269441154647,-0.2758293626842811,-0.5596302155278348
5Nq3gHaP,-0.007561594739549982,-0.16960836885971353,0.315483822018763,0.02703885874483719,-0.5367284626721045
5RmwFFK3,0.15998690590852593,-0.23040832947387602,0.3187028320591485,0.16396373851311158,-0.9189147279168324
5Tu5Jbov,-0.446672669872368,-0.22248101540819254,-0.6048607978324084,-0.3076370924452673,-0.3001301022158034
5YEolkev,-0.35621061506484675,-0.2692062919184962,-0.20698641288499597,-0.17962411560045227,-0.49630524223184946
5a8sf6QV,-0.08646572157702503,-0.2738539844326986,0.30559890613837404,-0.22799253974239136,-0.44387169372896884
5eSvmqYm,-0.448129531682284,-0.2426698537575781,-0.3128568456724292,-0.5864770681185545,0.21622962918983868
5hkN8fiv,-0.38813586671052214,-0.2736797079082931,-0.9536919703476416,0.31916779819893754,-0.6071777310088251
5oK8Gti5,-0.420735546472923,-0.2032479484306149,-0.22505312307138414,-0.5254587856787427,0.3340681017361259
5paniGaU,-0.6373045301291538,-0.23786114346966936,-0.7986514715818002,-0.8750433299840907,1.7336880936763392
5vsr7ZUP,0.08488224223179186,-0.2668439580014882,0.43987357518373826,-0.3657654596778415,-0.4045522810325106
60B4xMWI,-0.05060389650359798,-0.1791950343677957,0.7720127036822287,-0.35414341616774797,0.05541629202266318
64jOUtKy,0.1633715066200323,-0.18054305024395978,0.4379711880072662,0.2323877619722628,-0.8856649671974364
6AJo4xNG,-0.2941458101758305,-0.12792159762468358,-0.3889187283829614,-0.11182459264921313,0.14689128245105898
6CAvhEte,-0.31306264878023615,-0.2436288525437501,-0.248762122937897,-0.3190055234928983,-0.20569348377816488
6CuGYjT5,0.9933650185316171,-0.23799669166011495,1.506483168981184,0.5002412608556304,-1.1713493256105911
6DGH8ujZ,-0.5330092234532966,-0.2871210578158965,-1.0492884128691893,0.06395661710206274,-0.33954729996391575
6PzsGdVm,-0.4132242555554222,-0.2585539957069062,-0.727528044951946,0.0027209692658022866,-0.21593410621668996
6UcSJMbq,0.19525648077111435,-0.17307118443825598,1.0082679404731043,-0.18259536616884958,-0.25327215100918454
6WJbkH8U,0.566385489204363,-0.2578757559002738,1.1183825463379078,-0.09165364184970543,-0.772972201585038
6eUWsVzw,0.0785930743753348,-0.283766827180442,0.477253283935985,-0.39931483163613885,-0.6509370575940734
6gNyO7Do,-0.05420331578811233,-0.2534921938691175,0.208376315621566,-0.007691356796592441,-0.46539238061630583
6jT0AyHe,-0.13413480904959307,-0.24550003670187204,0.08943427175792729,0.16792612608950747,-0.8305271448575771
6nBgCvWu,-0.3941607245245018,-0.20888509373138686,-0.3490315453785593,-0.5055665089707488,1.0988985224997236
6ro5mqg6,-0.41950517694721023,-0.21322521733604638,-0.4325320392372418,-0.5155140884614957,0.9847391770958736
6sGqObX4,-0.538250586898597,-0.2661628392902228,-0.6747806767170702,-0.2227893655900694,-0.6255013033733545
6uEGy0n4,0.6981623185101932,-0.2631392675608608,1.9285339119179166,0.12248186488319895,-0.9666112967677554
7BZ4LxP8,0.04287046344176315,-0.26488361043492836,0.25137510141119124,0.10725224622348667,-0.9258479199793339
7CmigXKi,-0.3085010652290108,-0.2737460158748871,-0.4169241045704767,-0.20346848548618218,-0.5444961516632414
7Ga0LpfR,0.22702669026943345,-0.17737277866793788,0.4017384495901586,0.4848938254425846,-0.8194540353322293
7PQsFvsG,-0.3902941458887219,-0.2672124703976648,-0.9087940726231528,0.33436612046325503,-0.5119442157247909
7aF7nnwn,-0.39835966880369833,-0.2864965816819337,0.04367306573708451,-0.6184884971943225,0.8086649125750666
7asGzfX9,-0.0967819454986798,-0.16542268990699316,0.04559438430352402,-0.12809928254817543,-0.21013549661818753
7cg7C92o,-0.09635221258593774,-0.17980088500176816,0.29203875467707563,0.18453885338287496,-0.34193640118514446
7eOxTpsB,-0.4609594359164624,-0.23046607253421092,0.0006040551314789797,-0.8650780119669992,0.7946558360249498
7ey0v7ma,-0.37146690829217244,-0.3042852600807021,-1.0768737148182008,0.45914148202828337,-1.1346798275826588
7gocyrYl,-0.2899628066483291,-0.18251885563566983,-0.5090594433867964,0.17977887824006317,-0.3459803356643747
7gqR3GoA,-0.46166760748527036,-0.23103848923631976,-0.5170065504425224,-0.3956226661054016,0.32584078782959014
7og7aUXB,-0.13722697901250935,-0.19227185991086282,0.20547129249044394,0.07072229569206817,-0.3922057305639113
7onRfa8F,-0.12611845732079097,-0.15647704777735194,0.2764775245650223,-0.3465434397117417,0.6455846021290466
7umkNuxM,-0.27402786302675075,-0.23369259808028997,-0.4479087175566512,-0.031824733839896646,-0.3226845370309761
7vPr9ExD,-0.1559559374923294,-0.28880227573416417,0.17082442492442207,-0.2737460069456766,-0.35569150741537126
7zNjpCzu,-0.4424151587157277,-0.26291165905877323,-0.5714368436425358,-0.24963449114197228,-0.2894454002949518
7ztsQNj3,-0.504661182485225,-0.25070313611863826,-0.5511182082817419,-0.4390237740660419,-0.006689133132310454
86gppwMI,-0.4027643186775427,-0.16982457839730536,-0.5476204721369068,-0.35475505193591744,0.5130938354207114
88thAGdL,-0.31187201058634395,-0.29825677998716627,-0.04197788737749853,-0.3121361339467464,0.15671999451771879
8GhU8STP,0.4928475766798981,-0.2254181864620286,1.2760799712849868,0.19716271500691823,-0.7861946986420267
8NlzDcWe,-0.40349031972853266,-0.3110833962222296,-0.05436692748691797,-0.42597897945978386,0.16729620039832638
8QAejdLW,-0.18476658328388496,-0.2672924464570927,0.005948497938350832,-0.06629443752548597,-0.5551931968780142
8RDeFxWM,-0.5105569187413717,-0.25583560581837206,-0.3865164072456788,-0.7102839244280401,1.1537568992580454
8UXP2NBS,-0.45492949721235076,-0.2428005958579813,-0.8482028723420786,-0.34882691290840756,-0.3013900535405929
8ZoV3KGT,-0.1776560821694062,-0.2578852009492091,0.186608584316466,-0.24034540082476913,-0.46136545956604014
8ajs2uG8,-0.43974062404192615,-0.29771559525157165,-0.7463574612732753,0.042719546411463305,-0.7682241999581652
8bXnz62p,-0.17628344966013687,-0.18918449993017972,0.009793827274565896,0.2430977558110759,-0.15607187925040422
8nO1O1LG,0.6223788788219652,-0.2239588490432738,1.4147230890797826,0.4151066233207587,-0.9555349793894974
8xE1p8g8,-0.36396457619714107,-0.25800938731899037,-0.8033106297576283,-0.05146119624631701,-0.8284388979267792
8yMDVMRM,-0.5804699566399301,-0.31886361695562127,-0.9530017943979832,-0.19181155375796605,-0.6036382946084071
98R5VaPi,0.08595671385489279,-0.19637155237440362,1.1328989830298637,-0.296687140918881,0.08744508643608229
9DcTz2Ua,0.8709681636823143,-0.18536678464981904,1.6425665032733332,0.39462782508715816,-1.0286329832321008
9G7nfUrK,-0.21730399420461288,-0.11583557481260875,0.04476220723135493,-0.31652268824626134,0.4348872481517454
9O6GZ1HT,0.20838545291951238,-0.22554180037838067,1.0346212819167988,-0.19708489367005638,-0.5753764192703592
9S7fCoAM,-0.37012865727105915,-0.1967251278161678,-0.2888552193860563,-0.508630681705341,0.7862062690923313
9iQwmFJR,-0.22245076022409593,-0.23949886670611154,-0.04765014808238822,-0.2347618717983479,-0.48882997406475126
A3Mt6SAQ,0.259600226470721,-0.24458851948479854,1.6142409218408849,-0.45687561017248596,-0.04212290021166143
AJIsQIcV,-0.3150693797999953,-0.24785474726452394,-0.2318569651195822,-0.3343970179681855,-0.226894844472471
AMHKXMh8,0.5047665056599063,-0.26766521485575445,1.7948169837613637,0.08082792108461473,-0.8540663757690987
ASwA2J4E,-0.37289278045772356,-0.1808394583493138,-0.14245092995293962,-0.5623280651987734,1.091057540326275
AaFvEoHq,-0.38221954586196105,-0.2213275009887049,0.1468277907827208,-0.6503927114426682,0.32078822202072244
AiIPD6hX,-0.21219286155233785,-0.20056721851091242,-0.31883269579256657,0.19679804088861313,-0.7469659747447623
AsIURvJS,-0.22729038309190908,-0.23587098086776181,-0.28051947026979274,0.7477121881047646,-1.1171379976060969
AsvgbJ0C,-0.3378570308730686,-0.23259099634724878,-0.6875801395693907,0.1193385022765891,-0.076641364863406
AxEhbkCM,-0.5601341442541012,-0.3214557802749295,-1.0042965237479853,-0.4935815651683754,-0.6185761809926047
B7VPkIpx,-0.20764305830079444,-0.22268553457475315,0.24462523906417977,-0.1300340859640759,-0.13974715681773253
BBwHqHiH,-0.15489460102542418,-0.2608622398065018,0.11270963851607874,0.028523831479354278,-0.7176241890445443
BMyps8hr,-0.07313659558900354,-0.25893753204042336,-0.10969732001820665,0.18497950424947346,-0.9879025073551508
BUHS4dQw,-0.11217757652781835,-0.18756519198217925,-0.32992603232648765,0.6876325840409405,-0.7672558705050181
BZB3EYWQ,-0.3988607578818124,-0.174237831499927,-0.27133987867195164,-0.496719033856922,0.9630668522264795
C5UPCZcL,0.9510602971339301,-0.2543381834166787,1.5085927531606464,0.6412395656420751,-1.125486071335984
C5gIfQbJ,-0.5250109735529731,-0.3214888232299433,-1.4341123387260741,0.5881585047625537,-1.1962041817906304
CDRuu4Pn,-0.4464945513506904,-0.2613032787272995,-0.15929721160064614,-0.7764135877049814,1.1468371485351656
CQhTYkqE,0.20507819308290698,-0.2503513100244351,0.39837048316865264,-0.09540154737265322,-0.8682555754352654
CSEobMXv,-0.5658318426494362,-0.3147818440271486,-1.1168530869348041,0.26229090289992,-0.8012918399880589
CYMQE4x0,0.12787160909640882,-0.18062146998225492,1.0718396042060092,-0.34667509254381373,-0.05636339273751012
ChQdtl4J,-0.4065283694786379,-0.1930534854673056,-0.3542490842456236,-0.4380907122408431,0.47627175508198294
ChnD1nrN,-0.4749126405968256,-0.34828853180276187,-0.23254452393000435,-0.47507005226675997,-0.3035514407467186
CvtbbIcq,0.06799512151907416,-0.24847949103089229,0.9452884075267227,-0.049620599759602035,-0.6216076723925161
Cxk06b77,-0.13060924947624697,-0.20232216971956762,0.2803788960340361,0.036271644491657706,-0.3790547663482997
D3QD3ZEJ,-0.3520143795499062,-0.24583834838802787,-0.43314641834766543,-0.1988034311709193,0.09601688273127917
D8J5C6lA,0.4860210069650257,-0.16717134882986162,1.2842845891645385,0.016826227259515047,-0.6632170052236463
DCeQwYfT,-0.1902408923575991,-0.22334164486297814,-0.06879174937006516,-0.13873498372283494,-0.3194627086367441
DDEftkx3,-0.5633157860576623,-0.2089583381004656,-0.69454586775338,-0.7801538764949714,1.6303861354801596
DEwCfeDW,-0.2379861177874112,-0.18960176620154212,-0.0668050965052327,0.18987949969703005,-0.2282033460604148
DMkIV4oL,-0.5332748881410709,-0.26086888844544553,-0.5053086710342464,-0.6900474201477271,0.968058728716493
DnzGfbxS,-0.03596004185839785,-0.2344852689658472,0.09968765071851549,0.201041572224343,-0.9299932446274124
DoZxo6f6,-0.4742685841201908,-0.2208929150025497,-0.342315089965159,-0.4490553351336866,0.35000051132589005
DvhBPGIk,-0.42886255605868673,-0.24939295194263844,-0.5828225222326301,-0.20387190828542795,-0.211129912447359
Dx7GoUcT,-0.4184830878968109,-0.22053958871875978,-0.4074790268061165,-0.5938397012860162,1.1624464005019504
E5hIjohO,0.22137288207189276,-0.20082013001429755,0.39412953700594233,0.40434725942069255,-0.9367624799519283
E6x4XGHt,-0.31724058878588624,-0.21351466469273905,-0.10302658204713022,-0.3615600021788236,0.03514151776645702
EDEpAzh1,-0.27764509208762966,-0.2837369325881204,-0.7970886293167594,0.17133314218592127,-1.2105024641429043
ETGudkQt,-0.36508664862823825,-0.18450487542652005,-0.04850910098030826,-0.4009733441456011,0.19334732672490718
EUleKrLJ,0.6652022516078249,-0.1759151835131273,1.4358318736171656,0.2296019789672598,-0.7304617131846836
Ehw2Jz6s,-0.385855228525656,-0.2643729538283114,-0.5740910818817045,-0.22521917508344286,-0.3644469265057271
EjqzC4zH,-0.19092548000013365,-0.22952427197894565,0.14784722183948185,-0.22807290290029464,-0.2992269849758882
EkMZO3Qj,-0.39401824762978577,-0.13721844859012,-0.3763828614390663,-0.4020605628271206,0.5304122606119901
EnoNXWvU,0.23094930598471985,-0.1776161621354736,1.1214026930511518,-0.17390725107346244,-0.33191656892890875
Epv8ANwr,-0.31317895177140187,-0.21953893879030717,-0.4956055150271359,-0.07148153520252692,-0.06867676620841723
Etro9j0B,-0.039616229725944585,-0.18720132738214734,0.3761603131774135,0.2065596952745799,-0.5963892951239436
F3MIZj76,-0.4966276785857404,-0.2585431397483442,-0.7671053986645594,0.012301323628821359,-0.1222122907035118
FB8tU00K,-0.42041136957204017,-0.2074743419217342,-0.8208525417066987,0.1740880309930491,-0.274128222078031
FLhxBGMK,-0.09239633657371193,-0.2740091368506389,0.3766038752657819,-0.060194448508967324,-0.6037384581986982
FRreR8ka,-0.3974592925763014,-0.20056611709420913,-0.46427039337846165,-0.1717398721221322,0.46301910314283024
FXne4oAV,0.06784487521916249,-0.21827084810528108,0.8066553848620259,-0.09936190928832206,-0.65692659483612
FaW764jk,-0.14433031847957523,-0.17619051649730522,0.3529929498969915,-0.05143241711037144,-0.24723901740878484
FeAbMXly,-0.5500837825456473,-0.24061466643560092,-0.5843458361681645,-0.5866398775964428,0.9552411424536443
FeudaFXn,0.7509042367797054,-0.29241628363415084,1.631525139949776,0.19724029041704755,-0.97255838039886
FldUmFeM,0.3025708894677278,-0.23591675850984228,1.2508334683833944,-0.1348189110540749,-0.48531078804735217
Fnv5tfAm,-0.5017238144163227,-0.2152852848219834,-0.7149921757216531,-0.1461818661529964,-0.08357834830527
FvrAd3Or,0.022510144635299323,-0.21042133435403498,0.6307982323965918,-0.3071293088413101,-0.0895173651536132
G48zHffi,0.09807942281317172,-0.24038631042604708,1.0190320795461978,-0.41715980586166107,-0.05464091283808048
G76zCv5N,-0.46657394699870647,-0.2548793650614397,-0.29657336623308683,-0.3980532574588534,0.2766624064208576
G7JGUdNf,-0.07557429261443138,-0.3239452243313625,0.20641477573269418,-0.14105253678110047,-0.7024424475476747
GCo6MONx,0.6441826810715122,-0.1983128777666745,1.1072690939215855,0.3086659341950902,-0.7514769487171578
GE0vbpVQ,-0.06592686318392182,-0.21087417529040797,0.29871875264522896,-0.3487285055286519,-0.1703207310035778
GN0DfOqt,-0.22847086946888018,-0.13008173097138753,0.051564188198392695,-0.3294121245900656,0.4077151835886079
GNsTAb1v,-0.2470759841486252,-0.2890336504157349,-0.4508465294010806,0.44939039703811773,-1.3679520015276732
GPwmO21z,-0.3531503098071913,-0.24469102888143224,-0.5268579302873214,-0.07596070244953129,-0.2599080171027963
GQYpfLoh,0.1423681124711632,-0.2364465142170028,0.1852228400027437,0.29829451371741417,-0.9868843532130569
GR9knT8n,-0.4068132052473008,-0.26948218048915795,-0.9237122673097337,0.28507972969239254,-0.44039336485168046
GXtFFbZy,-0.28558137209961787,-0.21752016258858342,-0.017282042970491636,0.0536762517375135,-0.025185655698048204
GYvzvvFD,-0.4871483710437092,-0.18946503909210488,-0.7006087029208625,-0.1981586738033017,0.02730291642270588
GemPjTJ9,-0.35672598052326965,-0.18163818457292935,-0.5131693507466414,-0.01576713972554361,-0.13270966587409272
GkLYRm1K,0.6939339511183062,-0.29610409594526366,1.83797913937891,0.11910664509188112,-1.019545011503295
GmlqP8eI,-0.5257195274298987,-0.3112717680689635,-1.1863338646180845,-0.3338747763771626,-0.6363445814558177
GqkIrOvf,-0.35031710860125687,-0.20922073062893598,-0.3589309991182731,0.0982919617712475,-0.5173847720639129
H0fsegPi,-0.443467107054035,-0.22832703172968383,-0.4304828014353752,-0.5524228467334498,0.5988340972914743
H4dHpJjU,0.7054288307741732,-0.20317993227462372,1.4203488067974837,0.313214561848622,-0.9096028011388106
H5QwJCuU,0.36032458994041994,-0.23708862316430845,1.7094116446404297,0.11853905296454831,-0.6345109699193747
H5uwmSZ0,-0.40361687702206295,-0.15702496756220718,-0.5004189090907353,-0.41591688404819965,0.5683248177735396
H8MtbVoL,-0.24919025772028447,-0.33653882838944416,0.07025275616250337,-0.2800711883268641,-0.2611279840786742
H9JrUYnp,-0.37066104861941795,-0.19210953715294465,-0.4076378778794424,-0.1470159002352744,0.5969204200067948
HHYmmHVk,-0.5117250652720746,-0.253882093238585,-0.3857693025576793,-0.8092226837220162,1.375303592544831
HJ5U4uqL,-0.619694013300824,-0.2914236751202557,-1.1801201053986707,-0.1627576144210468,-0.3898118601894842
HNQxYc4w,-0.36155901526074063,-0.24741226470683764,-0.3626625209558303,-0.465404266163916,0.1301096248586645
HQYhKHZ8,-0.4908995133631251,-0.2533268340611998,-0.9572151708092819,-0.3272023151267293,-0.4316749910827562
HSCMx0MC,-0.49722229849385835,-0.24851722336711535,-0.380719915566581,-0.6716686735982773,1.077665278522217
HXYuE0fx,0.8119019640690649,-0.23265959481057275,1.5397697210408259,0.3405598485653821,-1.0984360004122535
HdKcxEWr,-0.12798214402912444,-0.1679762276936847,0.352816344870604,-0.12757513453322306,-0.2564887934551605
HecW1iCC,-0.26260375815407766,-0.2612418363313095,-0.770969519707367,0.2517197292473255,-1.2381115701464311
HpbKB8rv,-0.42342956518732144,-0.3440125173864733,-1.4026379758813945,0.6811921442833637,-1.0664853975583972
HrkoYjCg,-0.2554624719829146,-0.20779463723399194,-0.4345760638014783,0.35526134123668046,-0.5245624488637712
I5P2uquT,-0.12982466796752723,-0.22940724842864768,-0.02800646732351298,-0.12529097634391878,-0.65061107253556
I94qkDM7,-0.48865794006280217,-0.20950882278858696,-0.7580231977922922,-0.3446539960877791,0.338459923228444
I9sQbtt8,-0.27797040466235234,-0.2546987478230106,-1.049114284041212,0.63019382790542,-0.9031337581615018
IFxgw6ZX,-0.31631590414378996,-0.2079456526178144,-0.5768993556690635,-0.12929675688587555,-0.45266401283398694
IPPPSyoU,-0.5479009342094767,-0.2600757723510949,-0.8740713693570151,0.05387585209267293,-0.38613700862810396
IQOYQubU,0.5661486877800326,-0.23123941031099926,1.1933947504013833,0.22058233698046054,-0.8624978719918497
IYNE2SxU,-0.49534811228204023,-0.2797045417574978,-0.7539117293399774,-0.2861935645931812,-0.5608110290178507
IZRFk9kN,-0.1474399108940705,-0.16284505290031948,0.0790381982369378,-0.19298769959173673,-0.1730437990667565
Iaq3v0t3,0.2748162606053811,-0.2564068554722855,1.6808171223022401,-0.33846344070386586,-0.20677613770233827
IbVwu1t6,-0.5026630865580339,-0.2741194843317043,-0.9807309249582675,-0.03275035708695079,-0.2831769444432424
IcHKTLyo,-0.1621546094142019,-0.3127128797219466,-0.03184423525363001,-0.12950379448430277,-0.5273674107472517
IpW80wVB,-0.4313394581147312,-0.2579222028315544,-0.7594159881083452,-0.23439417094539844,0.0011744322328802737
Itb0PYUV,0.7103415439165457,-0.20494236715943148,1.4541133579576573,0.37577149496305556,-0.8834725372289687
J8fpSwS0,-0.45517255656413,-0.2074879116562086,0.06805118703368018,-0.747256143785376,0.6393949867848018
JE1SlbD0,0.22204203738871953,-0.19289557072169417,0.5435516800355658,0.6192632352139342,-1.019843928719496
JEB4McNb,0.5065881554762837,-0.26080846775223454,1.0558692320672474,-0.09159731655388265,-0.7483856188756255
JEE4QVeQ,-0.21905734699892987,-0.30522774844091616,0.02329811228378697,-0.2763151846502108,-0.5351877149547273
JJSEU2VQ,-0.5023279316152791,-0.17924495744731872,-0.40411846121289174,-0.6704950774424694,1.2628612846553815
JSsVriP2,0.19398863666555288,-0.21812197271704337,0.6838487850376197,-0.2400628698265393,-0.3764351052977317
JUvQNiOK,0.01752696317711744,-0.205275281510222,0.5423638120511685,-0.323386299471302,-0.024678560769681668
JZbrRtm2,0.2571492170197235,-0.21743063096732995,1.148287622537879,-0.21731134000549007,-0.4042236249874325
JcE9G92B,-0.1004408733556943,-0.16770364597143705,-0.3050090399268174,0.24018070450190415,-0.5822026894590668
JnNYpXHr,0.05558947166785555,-0.17801519506541807,0.3173463365898479,0.3060786691874006,-0.7563426912889939
JzpbnOtz,-0.4475829979818131,-0.22246905385017546,-0.035111560082182865,-0.5726667019714522,0.46971851019060884
JzzUhPQp,0.6393938385792725,-0.3055951613870941,1.8402695117450274,0.13037923314639427,-1.0275201031529
K05R8dQK,-0.3471857530057869,-0.20986425316519586,-0.6133588653323432,0.16824312913892253,-0.4386992154284579
K17pG2mG,-0.2413155289922193,-0.2600401854295217,0.3194159142524733,-0.7484066936638543,0.42563670457471425
K8BellUe,0.05746280079009669,-0.27850026570298203,0.19165982549781357,0.2570700046885292,-1.1454218435113426
KJ2eH6rr,0.031751806564415674,-0.25349887021015316,0.47166718318173106,0.45251175431764973,-1.2858892658391137
KJEJ6Glk,0.23257096921243758,-0.21337815778281033,0.5219936180079583,0.6082370182869241,-1.1108177753977013
KSbO0oXS,0.2800335164082547,-0.18811292405241575,0.5195309154437087,0.4033007874322632,-1.052109944483762
KXtvmd01,-0.40343816540646693,-0.20982850673315856,-0.17707268824975964,-0.5685905797265967,0.8708189173867388
KYiJqBuJ,-0.06524847823520519,-0.2874741969648953,0.4154272621347761,-0.4357915840110241,-0.5137870846730876
KmbAyTcE,-0.11503332557208479,-0.15803103365316196,0.05891382018269397,-0.01761383159387725,-0.28754319207321877
KnNyl3rV,-0.12121591465317505,-0.22003474940188072,0.4879956096814031,-0.6060201619013179,0.4509687499577104
Kp2DG8TZ,-0.2517825263995477,-0.22364150484865908,0.3833021661575875,-0.4554357847329041,-0.0064169453040840985
KqQtKWs5,-0.3708991537039177,-0.2806361806078147,0.04638867319345063,-0.47350546551776435,0.5996009875003321
Ku27g63R,0.49287367422195294,-0.2487255187402615,1.7932146896957595,0.30781939785863716,-0.8866152514135501
L2aTVqDq,-0.3735256645000593,-0.2549472592714772,-0.9315775313732613,0.3403329691987809,-0.6731069970343164
L5jvq6G4,-0.3749903168048361,-0.2894626941543822,0.0421268404516748,-0.47032386040635704,0.5873300944637739
L91hYVQl,-0.41142160904105074,-0.3329088035844897,0.011451567857007065,-0.5358507771477392,-0.007046329917509642
LINAMlbA,-0.34779067823444354,-0.12944333432862665,-0.5645472249989452,-0.07870783051035851,0.18995333912535128
LJoUNXSx,-0.5853534619896181,-0.30942338644813694,-1.228238875638715,0.08878216550382384,-0.42495651397313394
LLtSiyWD,-0.5093492254654901,-0.28472030407824855,-0.44063214250659943,-0.5395645992296363,0.13126623550715855
LQJtV8kn,-0.05277952396580243,-0.27537111699931793,0.33859129902644247,-0.14631259385845236,-0.754665794153986
LW9uddw7,-0.3061178537582734,-0.2904387399226078,-0.9982252342620563,0.5441384316872866,-1.0704307913439828
LZ6sdBTR,0.3177414350029727,-0.2612778622478853,1.2499582929901143,0.12584751749119366,-0.769095735054725
La2Vhnne,0.014974650595539263,-0.16139556128640808,0.13551287243207122,0.18310418730335937,-0.28730311328765556
LaUWSq9B,0.12297280334530591,-0.2174364298519208,0.41173877148842675,0.30934864189714756,-1.1758635365734127
Lk4SfkPQ,-0.06897766248925041,-0.2134783351652163,-0.5901699711076696,0.5957403789386719,-1.2504043905306879
LllC836d,-0.3924562167839294,-0.2641180228025939,-0.5640973598310597,-0.17383129322396168,0.18593817864947582
LuGiGeWN,-0.4379282820967001,-0.18366618042368488,-0.5599954615324189,-0.1743297915588506,0.3161183071797372
LzcyHcWa,-0.5004555531246027,-0.20418981237046707,-0.4486015032534967,-0.6545495906641967,1.3616313970061613
M7veP0H4,-0.3225139697425128,-0.12823309683013073,-0.19254941615385113,-0.32362162327285354,0.7572968039890927
MB8aaJUc,-0.4622775326594595,-0.2606514005790235,-0.7889853796013501,-0.019484434728447575,-0.049561750589263376
MDpe2zuy,-0.602147462113523,-0.31083119536997306,-0.6742919625136953,-0.5376878107512673,-0.19643306750730227
MEzdmEIU,-0.3375117192342474,-0.20274796109688697,-0.17696760800244526,-0.4810274266345937,0.4664812065590843
MVnhtivm,-0.44994000522753286,-0.2765240547271569,-0.6232301464405702,-0.22534803382824237,-0.1582105430133519
MYU7WDis,-0.17548007126238074,-0.23023268633472493,0.41530151277686644,-0.41061635927991164,-0.0974690767189409
MZFqh6yw,0.27768475835821005,-0.24403547007001913,1.3487987550135956,0.04215688379740329,-0.4251972990021826
Mdgy4SsO,0.21396730368110406,-0.25106520492402873,0.29811364898801906,0.5447032455315792,-1.143205889671029
Mj8awnzy,-0.33707692618095564,-0.18689266265511306,0.14499186090047556,-0.6855885000402142,0.7961761090335738
MpFPbUJy,0.86272895254936,-0.2386585065418354,1.756366441766415,0.37358776198271876,-1.0892286985318342
Mqk7MFBM,-0.3095077137049491,-0.1358540806921681,0.1574059911504816,-0.5824544873148476,0.6695123345854088
Mqs2t1Eo,-0.23913123550076487,-0.24565449880080203,-0.7209386911046765,0.20987324244210775,-1.0884291542770292
Mv3jFVxp,-0.3163378712226761,-0.20620801260940935,-0.3307841917675851,-0.27897056839822715,0.18555940553041794
MxODTXvA,-0.10879037074482056,-0.26122503822437404,0.30017083828116387,-0.05246835961882684,-0.5049591528609547
N46PbpPM,-0.40033742316485377,-0.21231200969526187,-0.112693836013943,-0.9204690469840087,1.5972524759930251
N5S5F9Gk,-0.47099614324922223,-0.2063145345169467,-0.6720202726408844,-0.21262704990567544,0.3572447417340948
NLDg5fqw,0.06792286894326127,-0.23443505330904557,-0.013366124431068445,-0.10665436807866563,-0.30388926432588725
NOho2ZiM,0.6538161991385704,-0.23581748571216932,1.5086859163936763,0.37311034319643205,-0.9963339731337697
NUuY7PFU,0.668662240383926,-0.21897878122430092,1.432407395760967,0.4140836218491409,-0.9647368008573973
NV1e8AEO,-0.48915653176561547,-0.1830759716872673,-0.38173712595886056,-0.5879189054465284,1.1152906418189357
NZLXROKC,-0.042794643816424394,-0.22182144140485993,0.26908178980963715,-0.16230487535113974,-0.5128453093283818
NaJo7C6o,-0.01978743477370326,-0.23191897494448754,0.592196983944147,-0.21575115970597064,-0.40338092343020837
NgsyGkrO,-0.04084407149834668,-0.22974619015780706,0.22781832178746286,0.15312202800782843,-0.7985240556140554
NjOx4Zpo,-0.3951254478608395,-0.2728542911429356,-0.8989542382054323,0.4983600485910346,-0.9577859976322756
NmQoI7x0,0.49375447055599,-0.2571449917778479,1.3682577780469025,-0.11192743821185142,-0.6492312570938943
No4wkdLS,-0.4271589396254796,-0.3161619318093325,-0.14810499351890416,-0.48358425989152726,-0.15035890771929694
NouMwhOf,-0.15692530887955414,-0.23624608006947845,0.13016241266912765,0.17597612768104848,-0.791788221936178
O6YAWd8C,-0.16956333353504371,-0.2678425318628307,0.0657172662891945,0.009119502765902066,-0.7137097311012461
OAXVphSh,0.16456421079681915,-0.2569846419783173,1.0147344358899353,-0.05928435834553719,-0.574633405901108
OJBBhb6Q,-0.3923387012265156,-0.27302120719747835,0.04232324207741155,-0.7639231028717768,1.0950127876771023
OSIQXImL,0.2901947530035791,-0.20591095895581335,0.4923741252238413,0.3179964083616726,-1.0093376866042711
OUUFc5Zz,-0.4704889950534257,-0.20650193550117912,-0.35489798337743694,-0.5715916861809902,0.7224517303165835
OVk1lquT,0.004481817659347076,-0.18905367304079224,0.23926937887399613,0.4266929606196775,-0.5596764211077709
OXdRxjzz,-0.39328595776914677,-0.28111415909818704,-0.8514258765904844,0.18439680782243767,-0.5447924773111883
OXxW2ekf,-0.3979122058033693,-0.2062439113322787,-0.39279635225272813,-0.29282903600920257,-0.01059426085695403
OXz5OpqR,-0.06316042802455613,-0.1972259225761237,0.551840286723601,-0.08957140292097027,-0.3894519850984144
OcBFW1AX,-0.3684325145980889,-0.14909687701319663,-0.5783048620892336,-0.03600168533764464,0.1407395603407755
Of9V2rpt,-0.14452722799884943,-0.23149509412358837,0.2687069161171868,-0.2907281259340994,-0.1630996839120995
OfLxPhbG,-0.10923546655117389,-0.2020962051742381,0.03243149517936161,-0.1187672574468403,-0.4438895414870674
Ojx2vi48,-0.3743752266176301,-0.28069186360452036,-0.023197298397112716,-0.5687298449342646,0.2361398573187099
P3M32iuT,-0.42455718860850045,-0.3278502922920211,-0.07301259661208204,-0.641014178167892,0.5452535751045696
P7olVzrO,-0.3767653370402182,-0.22271303212951044,-0.45479609820468236,-0.26054158661051613,-0.04685029483227432
PAPHErnv,-0.6212522979114801,-0.3006974645531454,-1.090639677542011,0.02404107445243092,-0.30129394559877576
PBjEtfXb,-0.3136579509003006,-0.1672864070479948,0.041767415699365144,-0.48412666724160264,0.7049807614481196
PZGpoBBj,0.6466785034254648,-0.26264952819777077,1.8743431818373026,0.08780873685720897,-0.9117464218813844
Pc2RrxXS,-0.4280973492058733,-0.27278559715757034,-0.42378224063094194,-0.017797709206650636,-0.5975262735875817
PcHQ4FOu,-0.47460283926791735,-0.25648790822924006,-0.6070734449744373,-0.4671073501104534,0.16944665100405698
PeNyTOVN,-0.21129085375967804,-0.1466588785081696,0.03846153346006597,-0.1953215396590408,0.051137986368937294
PhUPSU53,-0.2809395626630695,-0.2499234615291085,-0.747037963336194,0.20326542323077862,-0.9641256448309079
PmUNeV2O,-0.45189115836933125,-0.3001976231871718,-0.23303101247320301,-0.5311242531138116,0.13875597967167708
PoDJ0uvK,0.33255326575056054,-0.21830941920401548,1.5598061950039792,0.16884662567044545,-0.6555760808203259
PsUJdJdg,-0.1624735247187421,-0.17039552356777976,-0.2153911593062804,0.1428943519092804,-0.4685930779897738
Q3xLFx1f,-0.38259227658925976,-0.3040025329227818,-0.8144706228864375,0.14118119279310964,-0.8083211495894123
QBGxCvdM,-0.12665853099080282,-0.302844348474849,0.1623703394642011,-0.27254771313086806,-0.5435915456730906
QCEPyu6L,-0.4209866284082675,-0.22955818643577552,-0.8031995473036407,0.2025887808632379,-0.5075297563508221
QEfwec4s,0.6961709583875689,-0.2037034520368255,1.7728373056270572,0.5044778533526986,-0.9431856464389488
QZ87Nnr3,-0.38133393592372955,-0.16023707836760204,-0.2624717839198063,-0.43636275176510747,0.8345215326042709
QlyGN9jv,-0.5324258335812617,-0.20397307744678916,-0.41994243066377146,-0.44207615522712734,0.8875003055795947
QqgWE1ny,-0.3756767396147911,-0.21914573340122578,-0.5048417750965862,-0.1870976352265386,-0.1146528996127093
QrjjBpZd,-0.5028962438385047,-0.3124254370012942,-1.14840508944781,0.41606389938180016,-0.8822876279640748
QsaBiX7V,-0.37030646041047266,-0.19274446750360008,-0.3415716119655364,-0.293042453076853,0.034179001443625734
QtBKJuZk,-0.20880058447433014,-0.22801590532907345,0.005604705982172102,-0.25493368822219603,-0.2576865862097175
QtPRO8OJ,-0.5293725963667024,-0.28005273602181435,-0.6551741551786582,-0.48536949249031575,0.17747549347380043
R8XcsFnp,-0.4177057554449566,-0.20575582556633842,-0.12041461682233068,-0.44290283448608697,0.506492250997059
RROfRt9z,0.014405463857964929,-0.21006742401126732,0.3606372631039214,0.4394603712841136,-1.0048681721161663
RTcbiDGq,-0.50594934714703,-0.27085160859364943,-0.5467337440378989,-0.19738449943326236,-0.2570608560455443
RVidM9g0,0.051688507036226405,-0.1880629487422899,0.9479245904238731,-0.48750149401113657,0.29250126638275764
RZnQSH19,-0.5013077970471715,-0.2237345277056102,-0.48695099887552695,-0.7873598932509573,1.308329336788963
Rc4UK7fT,-0.3910117536931461,-0.14947272037205883,-0.559537678411693,-0.11402953791504494,0.00689009377428218
RcKBKh6B,-0.3117735229672345,-0.13162801280514957,-0.3788448537606426,-0.3064744559526508,0.5462459351304135
ReM5kDa5,-0.13429039756386718,-0.30193548334999276,0.1944923064339139,-0.20107783003333995,-0.37913273189689756
RfntsotG,-0.4810519975580094,-0.24792443509017026,-0.3636660051918954,-0.6965657457055097,1.110952931387175
RiXMlzXD,-0.45886483864159455,-0.29545581096779827,-0.3280348193481908,-0.2904495581539294,-0.4679754753666121
Rik83O3m,-0.4174546748449146,-0.23078173403438018,-0.5423610106772114,-0.43382862614240375,-0.09387524102182965
S3PCzDzO,-0.08887663305771953,-0.235839972644735,0.510360691706796,-0.29282980475826753,-0.4365911253866608
S77BviOJ,-0.45844796102769836,-0.24897330466075385,-0.5683106032219059,-0.45196856254581136,0.2644266497063612
SDdvtktF,-0.3996791133753881,-0.3111757928910933,-0.721930557443061,0.14952956436102244,-0.8487178447405015
SHs1AyfM,-0.19602498729431161,-0.20963801073605837,-0.03805915338021882,-0.25416131798327707,-0.083702518501381
SO4zQy9k,-0.42018522999804,-0.18503116406042452,-0.2390595235466212,-0.6492837230801463,0.8979852412592507
SOOBCoiG,-0.3891028232774565,-0.23498314863712255,-0.16359371642103915,-1.0426636571174341,1.2579347617832268
SXkkPB7A,-0.4117225030287832,-0.18433867290262607,-0.011661154400218317,-0.6267259126805984,0.8358301808360024
Sa93dGqq,-0.2524594906073978,-0.11955413732169295,-0.3001789698413224,0.037915198229432956,0.20086885091824258
SonIG72a,-0.5004699885027315,-0.17695136730542083,-0.4210578121531613,-0.3727772156546036,0.9510525041536534
Suf6hIBc,-0.39759729285765477,-0.18555427161528337,-0.22708816490115558,-0.6026540502085547,1.1739855121622131
Sx2JeSRz,-0.018680494795932923,-0.1910119553725731,0.37847120500405385,-0.18677288522312369,-0.14993198627570525
T1Tlftr4,-0.3212409237725815,-0.19636965655995975,0.23753587946799437,-0.6114981182450736,0.5681715289270927
T7ulR4ci,-0.41085361924123953,-0.22402057350937876,-0.05336828141841111,-0.712890851574641,0.8222406591743957
TA1NB3Br,-0.35021991769731486,-0.16876895779495593,-0.1311502077973371,-0.5246913488987583,0.9868513127360753
TFZUskaK,0.07366347261673512,-0.2090848711786203,0.12361206270502012,0.13925474254832954,-1.0838366576163565
TNL8HGWZ,-0.18231185837991992,-0.32999227606348114,0.02527641692740811,-0.2938819926110143,-0.4204551828266565
TZ8z1GSF,-0.5463287669365504,-0.3072952042308944,-0.7025646984238612,-0.3314959958830685,-0.21732248120402808
TqhRvkJJ,0.538752918690926,-0.28470419518748424,1.0033528934978366,-0.13370093406711098,-0.7624376933851413
TtJCUiY4,-0.47447975685082566,-0.18875786507848313,-0.020226511106938634,-0.6783405559460554,0.7271259566583422
TwDq0lua,0.023599755896353658,-0.3211760907665818,0.3054841427172893,-0.32758985002096,-0.6618778218253374
Tzyf02sI,-0.24644594858361968,-0.2115995857878048,0.20234522507910047,-0.7884156104696862,0.7560111320167858
U3yI6ZS5,0.8555158327500342,-0.20625509425295097,1.7175151456657671,0.526536758869518,-1.081461856453181
UBLnXZAN,-0.43982835805304665,-0.29409062611443726,-1.3561959423030197,0.5811961740172376,-0.8055532963462981
UBWDzleg,-0.4565042312059193,-0.24401705897165327,-0.7186699800308445,0.1426535028601506,-0.4088233191716102
UBqkX6SY,0.5632652187621755,-0.25273232792861233,1.8285164445348572,0.12829499181205256,-0.8723366073038492
UCIAi1Aj,-0.3811234427744976,-0.30720933108545545,-0.7953346876321707,-0.01596795705312054,-0.6337308222210785
UPbXGvCS,-0.07660454107748316,-0.3063456691122006,0.16027558876905001,-0.08259508445658864,-0.6836952223835009
UeWm1l9F,-0.34064137217742174,-0.2393752550168885,-0.8401171220215037,0.2744948340446309,-0.35996764957628624
UhucscY7,-0.3472636830723448,-0.33075925880011214,-0.9288048189427748,0.2081636148267954,-1.224722376603624
Uri1SvHV,-0.13202353311911397,-0.28333065158329485,0.0456030099374679,-0.11104210240438311,-0.6795615047581449
UzxipGJS,-0.4348474585306408,-0.2062322772982763,-0.3510298941636124,-0.4575242693712996,0.5660272347430388
V74zfaAQ,-0.19208700913507104,-0.28594486235959404,-0.007224631679609746,-0.06723895187473233,-0.6600044398467453
VBPxBLTh,0.5779552304670734,-0.223869072844882,1.264842204279586,0.22324678192425912,-0.8660746645892339
VLG7CXYS,-0.363944287673307,-0.180756130126573,-0.2247196739448024,-0.3521248582649433,0.5015441701121913
VNk52SpF,-0.35615131677026524,-0.30975044153012465,-1.3476987866676802,0.962508707584915,-1.4423376119783444
VOREKsok,-0.5876648204709181,-0.22932307342379465,-0.8093896301493148,-0.9072352107281276,1.8047574264175374
VRhTr5pX,-0.42289037034707366,-0.23866712776889232,-0.18376811600663845,-0.5755537781526696,0.48944143928182726
VTcG4Kcw,-0.3260409367055148,-0.17844747798516025,0.1961065769297614,-0.5229595191116714,0.4220540740289752
VeKiWSbS,-0.35866364809780515,-0.18976214774165845,-0.10166416426611813,-0.5135010156479518,0.9094769133642271
VnU8nJHU,-0.4032447873336811,-0.20740403684600872,-0.26719226570531973,-0.48696208020988946,0.36309423130894525
VueNCxYv,-0.22650962473417158,-0.16043212862222112,-0.5682297245783987,-0.1211155648663435,0.1492396906950052
VxuQTRUl,-0.4438283283052895,-0.23715195069859285,-0.43764791559020433,-0.4141405455994271,-0.1318542126621215
W5lgaocA,0.3072160076787225,-0.19618773770277975,1.459919904122831,-0.14160715152438846,-0.31329677148457535
W5mMq9Ef,-0.35040748931659405,-0.20156379361187826,-0.7139082387166217,0.03013596497098886,-0.05031645172818433
WDhNqFpS,-0.02526918248102561,-0.22344171857944417,0.05720356815163618,0.32121124305470766,-1.1006781914030919
WE6n1kZi,-0.5088922005643655,-0.29099927542495707,-1.1915117298109397,0.18539910152910938,-0.49957656865284816
WFk6r3vA,-0.49990661946842163,-0.23836421195727175,-0.5199343844003819,-0.5311902786053568,0.19490366743124132
WFyIrsUR,-0.4421694147479651,-0.28250226042162474,-0.956374634016411,0.8222422370040687,-1.1737973409101738
WG6ZAsqR,-0.5857070138807674,-0.2336088558833319,-0.5855829510149133,-0.7821896445782417,1.296250804438647
WMq3CZQk,-0.4545391205043561,-0.29469396325144215,-1.0324498184099995,0.4592955860530646,-0.9970098506142551
WRskmGjh,-0.6691126311921387,-0.3366891360693155,-0.7780374723810347,-0.6554960821163409,-0.17270377743529775
WXijSglj,-0.5387605755874256,-0.32230323763536217,-0.813142244715138,-0.1400662077860459,-0.5796338169634716
Wc0stQgu,-0.4538864505886693,-0.2934614941699165,-0.8837326390905078,0.12158390062261965,-0.5963060084633953
WewoSCUB,-0.402325846196971,-0.2978617297047169,-0.0671220258678239,-0.52220278104754,0.5228654776966112
WuHuhHWJ,-0.3119772048805953,-0.19339413666350913,0.05012235136897957,-0.6675674847742077,0.9326990958224037
Wv7EBtZb,0.5473714122247327,-0.1794808057777526,1.4945530553516408,0.048258126915663946,-0.7971977634719449
WyPlxDn0,-0.4573898253608415,-0.1762427200089507,-0.21379514139226197,-0.6776807466433075,1.039838294513245
X3WqoSNN,0.8903840644969168,-0.2431935029981659,1.3091514731692109,0.48059199688657744,-1.1133047266597742
XDhyP9KB,-0.43498872095366115,-0.21337191079563722,-0.5236065306357998,-0.19403932471287128,-0.3164763062605871
XQxhDRMG,-0.3747860156603773,-0.15916615639075382,-0.6297879683144243,-0.12134018786956585,0.3188696623738352
XjLNAwxW,-0.09276838326811454,-0.23246273988692812,-0.0354774982678956,0.15779383840415112,-1.0883911932043466
XjfVQbXd,0.1969164080916409,-0.2677405957789003,1.5254646891451977,-0.25350441627462933,-0.511200817634293
Xovczbf6,-0.5746300618654572,-0.24064647016582608,-0.759426116218722,-0.8172669312645633,1.7088815937471677
Y8H4onBf,-0.3734883350135032,-0.26657327413826537,0.09367124589467557,-0.3902956269037227,0.6238413821225332
Y8YgzSZ9,0.5755784073125123,-0.1514392538804733,1.5327959939428217,0.338909958274429,-0.651220101933961
YC4PNV20,-0.4052276923688607,-0.2075308220379357,-0.36268483066681967,-0.5516204206961699,1.1154304860323934
YDHSCRdd,0.7902554726717009,-0.20097870247801108,1.8131810554558732,0.7077474543910107,-1.0626353671585784
YIJ87aME,-0.373224863983439,-0.1952499245096324,-0.10182723723175036,-0.3933859652563519,-0.015437956753510895
YKvT4dFv,-0.4546851313385756,-0.24617207211441394,-0.5566498521082588,-0.3352003500607827,0.2866201544526593
YNebALR2,-0.4628572063268668,-0.18824058294770019,-0.6965128479723786,-0.23941348287843317,0.09695233642653456
YNrnqFyb,-0.10615143941840777,-0.153571060812683,0.13737580973214358,-0.09857594342061154,-0.13033923387044655
YUZ4lR3m,-0.4487119686045422,-0.1808503336094155,-0.7276959953160669,-0.4205122693659927,0.40601401540743776
YYLvjoVC,0.11167262581017356,-0.2071248596328812,0.49001180798201904,-0.10510527442279854,-0.6982471969110002
Yb8OtMb2,-0.04906924742101615,-0.28173890232240073,0.22486019341722374,-0.15504117257483258,-0.6476717328236477
Ycg4lTYw,-0.5651709101324829,-0.358604781263562,-1.4368364317444362,0.568254759931023,-1.2953166388752486
Yfk6tekH,0.17944847084191895,-0.22505667144224717,0.9782541077150406,-0.10826941641840143,-0.4984112346008207
YoSfgmR6,-0.4966815694937856,-0.2364474307903086,-0.6498644586000425,-0.26982991377781634,-0.43615827081735437
YpzFvexy,-0.4640901835684428,-0.27762801806598225,-0.778018462783906,-0.04074901507505796,-0.4961423434993193
Yxqppfa3,-0.05694003773855871,-0.22251442609812888,0.2845923447036477,0.4196279269292276,-0.9727660278571693
Z16jTUvP,-0.3337179066468532,-0.19897235530853918,-0.3960064563810769,-0.10894604685333348,-0.06393709291666583
Z2BdCCbJ,-0.42005507453106583,-0.17139019644287334,-0.18491607216028083,-0.548216099142453,1.143232104335961
Z2JJMM6V,-0.34565390800936324,-0.17526550765486593,-0.5797393954635401,-0.1476650484711654,-0.1007916694528157
Z5jE1OB5,-0.2895197093589337,-0.16810201121920787,-0.10053877481984752,-0.1943265064035617,0.14636505352678608
ZFsIqYxA,-0.4440157484794862,-0.2327989240879087,-0.7545373023859588,-0.2820147498110723,-0.2817154115527172
ZHDVsoRh,-0.4012807606463902,-0.26026142619732806,-0.6704416858671689,0.046742010984946625,-0.5683832457730134
ZSmfu2Fc,-0.5070897588458823,-0.20783254904502002,-0.4614596452858418,-0.1389598904784211,0.21806491111110649
ZU8YXF3H,-0.6078870982551052,-0.24279372577797198,-0.7133912419963726,-0.8141072733941441,1.4217489783538344
ZXKaNy6Z,-0.29078722709896465,-0.24614178238301776,-0.3972408888555775,-0.15130534679065416,-0.4457516866109503
ZbYLo0zK,-0.22871144560849732,-0.2871416052793567,0.028669300940522773,-0.3618948104328133,-0.41946393424675876
ZedN8Gcn,-0.4347919795034201,-0.2563894365516488,-0.47221049352811595,0.029407144230485682,-0.6331938430475528
ZgD4Dau6,-0.1434766031508159,-0.23936152566683044,0.023973605006589842,-0.25850016888060184,-0.4099011946696034
Zgzf79LA,-0.43636125744394083,-0.2906386413894734,-0.13617012048257737,-0.5487364993427246,0.2741922562291701
ZjqzxDOF,0.1959312155100188,-0.20022446901371338,1.1811823902406484,-0.14903700009886206,-0.45231199293726476
ZsZ5aDpq,-0.02293685932689371,-0.22025225248198765,0.355316210425512,0.43032502101342524,-1.0422414357087568
ZtyqE7If,-0.12203696019260102,-0.20829898542470016,0.03115381959843199,0.19756103241026773,-0.7302217111978553
ZvUgz01f,-0.4207485490135663,-0.24739530189850656,0.17749067979046307,-0.7749769828391131,0.43594586483731734
ZwrhgdQV,-0.020703386994024964,-0.1973472842819335,0.3712703884984687,0.25541513357837003,-0.5626472546547723
a7bhJGBU,0.7649675613821892,-0.19926855449685554,1.257836285790315,0.40695122221402863,-0.8651266518567036
aHpv6KzP,0.8499425776662515,-0.22563857399936482,1.671526061764238,0.4861265858822605,-1.0566637469309879
aINzEBVN,-0.3587729899213772,-0.310423079093627,-0.1315163801364595,-0.3108516044388336,-0.42911385285647197
aP9EtTGF,0.6441604940828178,-0.2751217717183997,1.9471754402868955,0.17713080809672604,-0.9622926491579522
aV6EhtSL,-0.47078691304893217,-0.2755311122488052,-0.5477847286122589,-0.49345265118496834,-0.2862164679807624
aVZsXKoH,0.6151373777961668,-0.2522795873468544,1.8250808424514067,0.08794935952746313,-0.8628711863827179
aYVnVJvc,-0.0744264095923377,-0.26827752416386497,0.2582291802106129,0.025487309673762726,-0.6934738439792654
abCzN1zx,-0.440135282204305,-0.27140053140557585,-1.0584625790128954,0.3940921491596689,-0.8053309110626372
ae7sMiB4,-0.11525476406814272,-0.17508828349134442,0.1795782720036181,-0.10551708457828407,-0.3348833474574564
afsVuCGV,-0.4002227982858777,-0.16531874488157494,-0.4053192102933526,0.0245093667927469,0.11701003539412835
aiwBQETI,-0.1467736654874523,-0.3182343412999056,0.1328780652872621,-0.31133342211038456,-0.48084552261106617
aiyli4EI,0.37142120432023795,-0.22836812280515462,1.596934976175147,0.38404978793058125,-0.621142608175689
apJ7NmzD,0.5009334910580421,-0.24275308012921692,1.9318595786275212,0.1469870849356441,-0.8292797229523445
atVjNMtQ,-0.4094231078609283,-0.361601655508513,-1.294444985164433,0.8584430014662492,-1.3818400432469307
b5GirVGV,-0.5128017955369344,-0.2726247306407271,-0.4117988610042943,-0.7272691840229815,0.7805124424006494
b9SpMjNB,-0.3428946529613721,-0.15005250239328605,-0.07130219044563146,-0.3340940309482065,0.4252689548567615
bAFs37yy,-0.4827074128708402,-0.1945730565777597,-0.40624610106217696,-0.6809182543629628,1.1081479513966748
bDia1hHV,-0.1755307151249792,-0.2194873049812187,-0.12337910280975473,0.3890355355755167,-0.9261235506896826
bFkv5Mtr,-0.13280327159447047,-0.1949968006800562,0.26675065907462514,-0.17398019792389202,-0.11076428118463111
bHe2IXgA,-0.41705389386882485,-0.3207753807127346,-1.457139510968315,0.842784868224774,-1.3283384856405565
bWX3vUm5,-0.14283654789984768,-0.25119974379616716,0.1296288456700745,-0.1450325046843995,-0.38134975698218043
bat8tcGs,-0.1896498353085856,-0.31545726312407885,-0.18453078086003638,0.4054551921534098,-1.3285503671045709
bfjej4wu,-0.44870308967395345,-0.25238724735402385,-0.45954505076493346,-0.12632652310701614,-0.48854417973856856
bh04YDiP,-0.3794648567827219,-0.2397835375906554,-0.5592795590161,-0.12403331111591792,-0.10178362420640574
c110Fdc8,-0.3238435915435063,-0.2115951740512677,-0.10057577261290951,-0.38321056970208717,0.4245542385733251
c32GUzMa,-0.4327408304557121,-0.19270699807676617,-0.6390229836550715,-0.18788221230551777,0.39040413177136546
cT6uU0B0,-0.4229717813472873,-0.19842006865118345,-0.5784225290918455,-0.42520696854663637,0.9220413285057669
cWXCiFwh,-0.574445087416958,-0.30853088451445465,-0.8712870822393759,-0.34476900889088885,-0.5777613498442824
ceNvS3yd,-0.4747548451777581,-0.22826430297766298,-0.8261773756488461,-0.09544249385065534,-0.03807310385176221
cmwdt4Av,0.6832140468132958,-0.21921403776995774,1.4369757070097526,0.188017848901959,-0.9449073883358701
cn4EHsup,-0.44952172672844637,-0.2360953265863912,-0.7618820324065099,-0.011194199676486771,-0.21976683345654424
crVOGGTT,-0.2928862548056792,-0.11268480020674088,0.026213581209554297,-0.4677676751672449,0.861127882144498
csPEJ1E5,-0.40017907295342114,-0.2525513105685996,-0.5305171713886396,-0.31469439650722036,0.38311273798984447
d0UrRtMk,-0.5063461225037291,-0.20749879996952247,-0.32793683799993645,-0.8447129187847657,1.3840911644857223
d6LU4G4I,-0.2836908685508286,-0.20092518172948104,-0.44586424889661425,0.05352032861099204,0.07968315392727199
d74T1DVv,-0.3953196733031814,-0.2533691571725947,-0.8993933729156663,0.6168648438274391,-0.8836196899158186
dR6rM1tQ,0.02995722801596834,-0.2504162916590644,0.18846604937079525,0.302276238926202,-1.0498163931053164
dUNxOoqg,-0.4554416381220343,-0.24701654358407998,-0.5679558908219813,-0.041873941452880425,-0.4716362394157423
dUnlyhj7,0.2411488417473413,-0.2350604454256261,0.7904513044355336,-0.4273520823479649,-0.24496452514334544
dVDlnZQ6,-0.45533204920936043,-0.3214640000443192,-1.3073147821564945,0.09921564613516937,-1.0391365860553015
dVT26GDu,-0.25079386294729655,-0.12448376048233845,0.02161308786356763,-0.3772942515589202,0.5779571084447397
de43ycXY,0.31124615990073357,-0.20139917674948682,1.194823001651577,-0.1543623880328246,-0.4123171289393399
dfIn7m9z,-0.45166904473796876,-0.2586242683778692,-0.7047955029313497,-0.14250205766258112,-0.24682469737661517
dhmb9ZY9,1.0530004080816302,-0.24785160190455302,1.9442038513812845,0.6179573370711495,-1.2831899662744994
dn8kCuyf,-0.23449131323090477,-0.24909908702661743,-0.13541493011812966,-0.25132968066932165,-0.3650493977451801
dpcquvWW,-0.4410361690325675,-0.22989246697650956,-0.3646058218350603,-0.39043600760164227,0.2635404146238899
dqcbIMyr,-0.5555836842642965,-0.2480769412393492,-0.7768507522380801,-0.21445240026664397,0.2282331531419559
drWgsBf5,-0.28406874488760137,-0.24454241290730006,-0.6706285146493598,0.20464790993719312,-1.000037217971984
dytx0HSe,-0.6149656158511732,-0.24026827965532527,-0.7815826061215013,-0.7964082664930889,1.5028426075438572
e4KkkIha,0.4791665065345362,-0.3076241965038534,1.8467208067026588,-0.13163144471591587,-0.8031448288188445
e9YorH4m,0.08836070156925646,-0.235993026124105,0.5926820410961053,-0.3960273007958843,-0.28525060690498383
eB9gVQ0R,-0.17872722931444218,-0.12228946026738508,0.36578585855686874,-0.2590794713566816,0.6820337807760272
eMhLFqU6,-0.41759216610560457,-0.17737511804571093,-0.6040102579926636,-0.14515037254840274,0.15147498701926843
eMllg1qm,0.1079125247139836,-0.19665456518434365,0.9199492398710047,-0.013340385867547433,-0.6682045562149006
eNPunZ9i,-0.3117666961646606,-0.12380881682120104,-0.5091202530671032,0.05779582518899856,0.12129421143645536
eS5BSM4J,-0.45793668340088134,-0.24960685416662132,-0.2192330734304222,-0.7999200402060143,1.270160400501433
eVGMFoOI,0.02689014337710105,-0.21453477337531524,0.5533607753523556,-0.397014486708886,-0.14063747158575712
eaIwb3rG,-0.3077518813730242,-0.134732912223248,0.21877311673928856,-0.4056578408382752,0.7384100530674405
eyzw8Vis,-0.44758643933946196,-0.2146695345489671,-0.18627955528432516,-0.5229575921729077,0.7298022194364597
f04Ke2bN,-0.42148667188230604,-0.20496532446191462,-0.642235888425183,-0.28608077218375666,0.5069466272077087
f4GA0te1,-0.33310220293437,-0.20994402817440894,-0.16056111602393774,-0.47631999452859436,0.3546334635360868
f7bd91h5,-0.42597676087506775,-0.21651605608859126,-0.1480364400538774,-0.7417274093646966,1.121175423644206
fB7z9ndr,-0.3864638812388961,-0.16886814646939086,0.09324456623308797,-0.6524332659639587,0.9461070159061328
fEe7AWFA,-0.03759824723926419,-0.2332710473809424,0.2957186159395291,0.43966364797573126,-1.128270773571138
fJJIbgY9,0.30667361265765924,-0.2562379223154847,1.4679016444627344,-0.14157516589614866,-0.6345306085671303
fQBURMvg,-0.46932497251093386,-0.2314232045464144,-0.3528563062060608,-0.6141568338484806,1.1481024824706179
fS0HpOub,-0.4374228637076718,-0.20750846297797576,-0.267413109870669,-0.580545308154077,0.9709586849732731
fTDXauuk,0.3009312514318039,-0.23066553980179227,0.9849184086879914,-0.09843728631850562,-0.6320732521047325
favPNA2N,-0.25657879909051884,-0.09975778833977078,-0.330256123777551,0.09867714571206371,0.10510542023153391
g3Fv0U4k,-0.5160612181120694,-0.2784255870011293,-1.3156399992866135,0.35562296979413416,-0.6792732923255136
g5PKo2E2,0.07129870504265545,-0.26936388016566715,0.5930537319145001,-0.45816185863937214,-0.3865242825087323
gbjnD5fe,-0.439084922249374,-0.21901470342384266,-0.4457498075948023,-0.5528459952438409,0.7557540328450947
ge9zqXCv,-0.3238791648277326,-0.2849107381873779,-0.46319379605345123,0.8336730207903973,-1.3634504594072594
geeqJpSE,-0.4425136584277225,-0.20206910463797623,-0.2682107186822048,-0.6642407916411288,1.1079460730811577
gqy1J2RS,0.0191675581779428,-0.28805938601022474,0.29158624906262065,-0.29164319161006363,-0.7021461366913777
grlUtS3H,-0.25148946984080567,-0.2636554139293332,-0.46596829694242314,0.1578808891955505,-0.5196956964313924
gx965KYj,-0.19044249868494312,-0.24141066880150108,-0.30537736825830086,0.22451498674720055,-1.0365564326645582
h3F08Vjm,-0.3606872514613091,-0.18619944757823537,0.0866296785330738,-0.6936743778058572,1.2039903767739633
h6FQG8Iy,-0.3781288832231251,-0.1577776800824352,0.16679343321041395,-0.5975098669762378,0.8986754573394843
h7ftM8b3,0.6034427275614326,-0.28678848573549653,1.7751847696194993,0.14966378316671186,-0.9976708575697255
hLrCHXZv,-0.05500130695775707,-0.30214414444079407,0.3319091711569654,-0.08792951684716693,-0.639459227374161
hQ6VBuFx,-0.20839983460075762,-0.12469873947326937,0.34438628508559155,-0.2577622421183891,0.6687526604652583
hYoR2y7w,-0.19213328267319407,-0.27731018679670894,-0.344965143054501,0.48237459972842883,-1.3256536237877492
hf65yZkM,0.093559972508784,-0.20840910857045425,0.5066339506567463,0.4164070311601025,-0.9171211776323964
hjuwe1x4,-0.2578632224692996,-0.1967207220909818,-0.1919883765657988,-0.25147702076602535,0.29485649075301723
hyINlsFR,-0.2337321871801994,-0.17179808978380162,0.004214988902729193,0.12623289317915104,0.14212602055693657
i0Qlm9Bv,-0.30150117192232706,-0.18821598377587978,0.14703757845453203,-0.7039352753928512,0.9131228946605779
i1VxfxMb,-0.3255368279426325,-0.1861485783933502,0.07972943069180738,-0.7096213450756139,0.936635390878367
i2l6jXNP,-0.5253846214507378,-0.23643039877716543,-0.8341906892682847,-0.2514362816556314,0.03632380689513692
i4FgPZv7,-0.47793986968503077,-0.18061299127332708,-0.24224106983533233,-0.6373595277859136,0.7840062398258013
i7XtIkSi,-0.24789409297707832,-0.1907683382116303,-0.12546466661800115,0.0452991037498231,-0.48108653537106183
i9z346Ut,-0.32925413401622716,-0.19172625127828946,-0.5627202532834166,0.026716154166885386,0.06926172810586784
iDOat4cZ,0.48019414220356993,-0.275459948585164,1.7703894348598963,0.04842730968513015,-0.8346028516040591
iNv6RoSO,-0.39543199010820596,-0.21185571596417685,-0.538234790749809,-0.35756077558352,0.7114485801848903
iSL9NYzy,0.8464878364378463,-0.21835031235974822,1.76466966073519,0.7362795259374717,-1.1049523324589245
iSqVc1r8,0.23165580098382188,-0.1991879321949257,1.1410819324654187,-0.1352193862711772,-0.3929049433008307
iYZMftt6,-0.17806697091652346,-0.2256622501735509,-0.14240088356030278,0.4138932476078289,-1.1867933577715533
ieTPaa3c,-0.4853000203346105,-0.2726285977402533,-0.6661718424070768,-0.2680498968755672,0.13513916772856327
if7BmzU0,-0.4595548978185835,-0.18740411346997832,-0.3411090910956539,-0.7236977672157943,1.3397867413649744
ihNz5bmx,-0.4258951408141125,-0.2184989812171333,-0.5839398879904212,0.004821987930771321,0.02760103964976257
ikJXKdIN,-0.4504275375516231,-0.35399140003444396,-0.13410337469531752,-0.76032495864922,0.654384676625383
iq2kxikN,-0.19250912676279786,-0.3009616694649976,-0.09152306341419658,-0.1628140341763405,-0.5482607315589789
iuZEDJK7,-0.4421908160329544,-0.1985418773923877,-0.2597302627646181,-0.6803445824072687,0.9747871759908299
iyF8gVT7,-0.42643071268894106,-0.18234280996442798,-0.028450353402727398,-0.5496425730110612,0.697673609448257
j06qdQ0V,-0.40565631351049447,-0.22326607113852204,-0.33158735506171355,-0.2462539967016149,0.0992744776589467
j7hl8svO,0.037209817349804775,-0.18987688928537272,-0.023506258597569725,0.4366441451888346,-1.254384902264461
j8hMoJUN,-0.4351892133933051,-0.31567580170230514,-0.19051082235643735,-0.54513067138802,-0.12587971195348924
jNaFasbV,-0.5262049910409017,-0.25607361074933466,-0.9229962258188407,0.2334571746963388,-0.5029718131577727
jVVHeYHT,-0.22443303007522397,-0.2095942328771646,0.13662796423713075,-0.2479345575109861,-0.04988489605542423
jXm4ySvK,-0.4222251020222445,-0.17755009869648486,-0.28760213033688653,-0.39947570660285364,0.5130897197008495
juO5ii5l,-0.08178834058332751,-0.22799288805837137,0.4875418612625022,-0.2790483631844391,-0.31973234921192084
k2hdEBsU,-0.4557165415230555,-0.25359310922130796,-0.16696873101562182,-0.7418474620036488,1.0473188369773432
k3ynMfhN,0.042139205385932965,-0.2004299457854728,0.7482392359106316,-0.44601544728563,0.11328634134159188
k9C9yBtr,-0.06304687824251176,-0.2664879179239982,0.291019295428946,-0.057621622200888234,-0.49178243207956185
kAKRvcRo,-0.48393993330272966,-0.3271263316453892,-1.2904099244438954,0.28762747367434843,-1.0696445536968333
kBi3R2oC,-0.1241649724380327,-0.17257042785423193,0.008161357156784226,-0.11121330696950454,-0.42269430026414834
kDWmnsXe,-0.29091757256718,-0.22523940490241057,-0.0061483715244938855,-0.4864967760282423,0.43159370867305824
kSGBd2Vh,-0.42464239137203097,-0.17929750501918207,-0.2706010971793392,-0.7064512699864534,1.1307614267240416
kT0miHPT,-0.48112527713756137,-0.2453097876976058,-0.3709307796053559,-0.6639609105167168,0.6460717769943861
kaW0TfRn,-0.36318484196278256,-0.2300633919220625,-0.5020550416367584,-0.347751235533216,0.05357670561640138
kmg3SowO,-0.41339833072748244,-0.2418628037865993,-0.843108550374123,0.1252420472513988,-0.20965236361033657
kpxKSlnF,0.5415728800205042,-0.16552945130231345,1.5414515744419137,0.25682434979074537,-0.5466468382493372
ku2cn1MV,0.31884477126161315,-0.22054882710313617,1.2587895845218338,-0.16236334646636624,-0.5462231522571035
l1su5HU9,-0.29433493937217614,-0.15500193599252965,-0.08607591229279121,-0.20876990182945437,0.10832617676242562
l8Tg2RvD,-0.24454090878946788,-0.1957948409368091,0.20028272292119753,-0.147986508883935,0.13192547975124236
lB6NsVOc,-0.43097395031425556,-0.26240028626089595,-0.1930860106031922,-1.0468266108276296,1.1724446590963549
lEcdVyKk,-0.5304608067627639,-0.1983616035307465,-0.5439083680423628,-0.6220356823199109,1.1861983981361028
lH4TasGl,0.23210670159079239,-0.22014740262055588,0.8978546789833544,-0.09886447507351964,-0.6010301272209664
lO9aggHW,-0.19470300571903953,-0.17623863457279176,-0.20541388727222132,-0.01641716767424367,0.19313241942484483
lW3m9Vzu,-0.2878672703627192,-0.2006657294625297,-0.7636038763918767,-0.002378659786385018,-0.5212991880988975
lYLseGDP,0.08570752634065137,-0.25012740595481764,0.1789803228091298,-0.18956255052860388,-0.39220356647046506
lcOnCdZi,0.0517747266459988,-0.22007917604041527,0.7359214086459349,-0.2136292782490668,-0.4213209678087573
le9YGwON,-0.1063899135587274,-0.15161571413791652,0.15438986638190488,-0.03280283679359869,-0.2547862894467401
llMvu3TX,0.5043737908763646,-0.24188010852046804,2.0707257078185375,-0.10365487132994128,-0.45608848763545295
lnHh2jFO,0.22813620454994188,-0.19464780835301665,1.174649880464463,-0.2498896686981999,-0.3479762582461412
m07CVXd4,-0.4199559982355623,-0.1816049867260624,0.14318277659883116,-0.9120210364847139,1.1350813264281479
m1lPk91z,-0.32733821208781366,-0.19376468901843058,0.1959156270161384,-0.6905284172284507,0.9401103813029077
m9IQdmwa,-0.49472591349511585,-0.2524134082448861,-0.39754117277179135,-0.7129719756711108,1.0551256926176262
mG9BRy5x,-0.4020530797649795,-0.17439265606754495,-0.47472592398017344,-0.3860092055889371,0.4028169250678151
mVHXnama,-0.33380812623601397,-0.28194914699944196,-0.034221538559320426,-0.3613727333132461,-0.11483807648820188
mXyrR6nU,-0.3669415094445605,-0.22380058601076802,-0.19125474648044505,-0.4498754220097608,0.2618182623769447
mbzNdxNc,-0.3624125329716992,-0.20224511778806475,-0.575638156328061,0.055424335602751895,-0.3545414999384946
mntH7g3L,0.19842964574679822,-0.21256716192739544,1.0897929646915951,-0.16111931956077358,-0.3320091350188965
msRTXP3H,-0.38024015883702234,-0.19292199283098765,-0.3157842518719087,-0.3519136630873236,0.18514141597664202
mxBjvIPR,-0.4768713662134316,-0.23927793694375488,-0.43756460743504666,-0.38503615406978625,0.26946499082394126
n8Opmfbz,0.31864022822922333,-0.27827621583808115,1.4143355543749696,0.029565272917172314,-0.7244074762119872
nOkgU29Q,-0.34836842056420947,-0.1998509354366228,-0.4712736735605403,-0.008366768338491315,-0.3288352924988347
nhttf7VM,-0.028785312760818194,-0.18933381651531078,0.4531466678236503,0.005868134865999186,-0.3845103968255341
njLbXYa3,-0.45197761002281345,-0.28375658820140526,-0.43900314058803047,-0.22293713180635827,-0.3955957108427912
nwkIpzmh,0.09143699257430227,-0.25863218710526326,0.6547341852296011,0.049793953449363826,-0.6284229317580416
nzB1R9Zg,0.15403756450043204,-0.21994122517670522,0.8696091109790542,-0.3057085454459571,-0.34139847946083957
o1rZRI84,-0.42927525459329874,-0.2939355491065846,-0.9205116760343126,-0.055460774498515664,-0.9431406002761702
o7q5Mbty,0.0024506086725912812,-0.2238285961607489,0.19756873706887557,0.34650132146053453,-0.9651329924789396
oCBvysqB,-0.5849975593317636,-0.2919693335975211,-0.7602122024034934,-0.3783192708318867,-0.6000206629036118
oDmycTPH,-0.4187497820104138,-0.34522165379618663,-0.089771279857503,-0.9252595044422123,1.0197742460819628
oFAXZvQv,-0.5483883739648949,-0.2688278773825462,-0.6210382399277743,-0.5581451145167533,0.19205399456832528
oHE3M1zX,-0.31106968606565744,-0.17965207646421333,-0.42761481265930135,0.049358147899562776,-0.07373221082476689
oMhVmSpV,-0.6578451320635144,-0.28149608904451895,-0.9330333840884808,-0.3636095369646524,-0.04795896440601122
oNsDqVbi,0.2013011172736029,-0.23320040993467395,1.4239765208504034,-0.195550655331253,-0.41939868908440325
oYAJqQk8,-0.45156041672743674,-0.30277088977392774,-0.033418494633957636,-0.8189508706081832,0.38091458700719794
ob5Kb6dW,-0.5583731075046598,-0.19673996711407116,-0.575911119068177,-0.6545555544587076,1.365291247501551
obnzqs79,-0.3701642789962154,-0.28175430554856473,0.03046689945963143,-0.41671155432141266,0.27127307013680524
oncLcgRP,-0.4647171771217451,-0.26809083226310804,-0.7329821973835339,-0.2508932562646548,-0.12244048391945483
ooWVYaAe,-0.42583323855621447,-0.319878729748738,-1.296705749793205,0.19801789170670953,-1.0266576897156732
osdyOUnV,-0.4114784648603742,-0.16823538135915994,-0.5822727617640825,0.030387763079415986,0.08605024872829337
p7H9CzCv,-0.28195078703300536,-0.18656630987918088,-0.4429282239936847,0.13424551745723973,-0.3618400865861202
p7U9hVhY,-0.45882209040428146,-0.22749537761580596,-0.35033447121539196,-0.5918220457338481,1.0037904003109048
pE6Cf1RV,-0.39737870164585365,-0.1815122724705508,0.04041971643281061,-0.5427580564062555,0.4790074204472021
pI7qzotI,-0.18771415175446604,-0.2532363329888837,0.21894893088131606,-0.10993133241153524,-0.2617634888485607
pJrIA4sk,-0.4371104178913501,-0.2725682999041187,-0.31411122164637206,-0.4238368445933011,0.036731380314110385
pXne2CLZ,-0.47111604222717673,-0.33102709787080076,-0.8546258252094346,0.5833522109211147,-1.0251171547207232
pZMcDIOS,-0.49343820146217543,-0.23511318643222223,-0.4337373549931778,-0.6457415558452426,0.8867524073449021
pavfp3cc,0.02258138679346111,-0.22518179370239522,0.21621945430494394,-0.11174644074397816,-0.4883141950064178
pbQdC5L3,-0.4421671638068494,-0.2297114441379371,-0.31419998647045944,-0.3971510125566928,0.546259807039555
pgj7aAFP,-0.29777028796379046,-0.1983414293785143,-0.3994012697965501,-0.3364963248201123,0.42328337289086393
pxg8G3ed,-0.2586547927046752,-0.16663724154396475,0.04055000283990106,-0.06787881895045761,0.32933126071765906
q36Npk6l,-0.44125590352154487,-0.3019417979964115,-0.062044565340634635,-0.594166841132248,0.5148317368878623
q4aDOVvq,0.15810417074293837,-0.23930379946873037,0.38866277731642906,-0.07954641272498525,-0.8088768898587029
qGmfR9CN,-0.3415280494161612,-0.2031104535752416,-0.3693097240517408,0.01472164542123594,-0.38642337201086985
qJ51ODpA,-0.4625745112361308,-0.2567924322450743,-0.8936917309446508,0.062012866230048924,-0.2086811697508385
qQX3cs3I,-0.05673889724655745,-0.21415055558272045,0.4781560289677631,-0.0828393416997491,-0.5198260521679006
qXeIxPb8,-0.4261687818115709,-0.1715937268353238,-0.2613549576660731,-0.5999115016847925,1.030721855994745
qYQ4MShM,0.09144932996432609,-0.18071695047042935,0.1919646175648696,0.22532128047054595,-1.0168154782348175
qa0etnhK,0.09358138486221579,-0.19219570291405907,0.46240044448120876,0.25459173148816144,-1.0113342119981723
qbL4sboq,-0.2869177021979994,-0.19980382015127596,-0.18954571077605498,0.1656975876422218,-0.36574018526401053
qbYrsWHq,0.18038732984724837,-0.22104672774403433,1.1615407146116499,-0.10494849822734692,-0.29923647406190823
r1zmcUqQ,0.008541408673732986,-0.2345290123056607,0.3022887582311763,-0.26117167115914114,-0.5553298574093157
r54iHeQC,-0.4227830002816386,-0.19927799136411917,-0.26945221178993295,-0.6510415718368776,1.1627240423590082
r6xrAnQV,0.3673398375139517,-0.2632047546417825,1.5835208590371064,0.20286675686988337,-0.5035073642388774
r9HxnQDg,-0.1854402531119692,-0.1935318994235774,0.3841466725345243,-0.4211270137894168,0.4613708843159161
rG8Puuf9,0.4751033370433345,-0.23036400110752253,1.0326381773120132,0.14684218900436558,-0.7940345068571724
rGuiefuR,-0.43616109448216545,-0.24716869679474718,-0.7625964548927431,0.17454773473113688,-0.5963160488897272
rJ19OhGP,-0.50097800442309,-0.20139693720440544,-0.5102587690987591,-0.6507656697633404,1.3904584227187389
rOCYepHd,0.0950454806461184,-0.23616611497663087,0.5121379169222644,0.006035642492070281,-0.6091959052672726
rQJaOPFI,-0.25501541346474244,-0.21502135166539849,0.04959120455948995,-0.4194428490179402,0.4181639042403029
rQhZtZeh,-0.30759739997258384,-0.19938917986798643,0.2663869109373719,-0.5458866049853752,0.5268605883020937
rapmok0w,-0.5000097022166647,-0.27391353985750533,-0.8659746943038675,-0.06097885900368111,-0.22337999225270022
rgzfnPVu,-0.15339697312478506,-0.23611940251883556,0.5061426670405222,-0.3671412689154067,-0.261051601131143
ri4qhb1S,-0.31861341310184566,-0.2544316427405431,-0.2138717738979431,-0.358010520169534,-0.34370816875033916
rqpFYzff,-0.48097554191050707,-0.21608721101335648,-0.5531392049854071,-0.6439304145821116,0.529532291283836
rrs22coX,-0.30053717636873634,-0.14920785289982952,0.10072534496200503,-0.6502398514775294,1.1952943056533902
sEeUCQLc,-0.5014043098765213,-0.19475267071805025,-0.5426721673452534,-0.48246572242962243,0.7449094821936617
sHScwqQl,-0.4660201182226529,-0.21102480572056292,-0.09290696048133218,-0.7394542328053528,1.0020541175451303
sNC7DiAt,-0.43638731665736064,-0.20399263661815548,-0.37317580442250375,-0.5919768393271727,1.0279535971634486
sNK2TSs3,-0.28690516228073326,-0.1564483646769137,0.20752614602587982,-0.6504225729603836,1.122611389946623
sO7Su6uw,-0.4749244402528894,-0.24001356999384416,-0.7801124757477299,0.027194647246738757,-0.13306654499188675
sOWZx89o,-0.5220358893815389,-0.2072143366359397,-0.5316194626461157,-0.6783369865761444,0.8996496659478903
sPbRcPjC,-0.053141234348325295,-0.18733670574781125,0.20707461875419797,0.11514868207303669,-0.4796999633479726
scVUfTKI,0.03871520293683106,-0.2661916581471284,0.19147170865808882,0.07234379170008304,-0.8349926195031985
seRaGeVv,-0.28005390339823855,-0.20168301804459043,-0.0028064296783050294,-0.27899193727966726,-0.13522121690039446
sgtwiYWi,-0.4262041175692268,-0.2588932655611593,-0.8982876145610318,0.06342897212571791,-0.4890272412861869
sjmLHcT6,-0.3697568618270246,-0.30252856812858,0.036901568959270874,-0.5260760616909435,0.6960015788243314
skZUZZGS,-0.3643971111845583,-0.19088354486587444,-0.28276426464811444,-0.3934054704128069,0.5466237601782625
suAmzADX,-0.03384482172228198,-0.2017537025492656,-0.9180799439529559,1.405835963212663,-1.2612201475765894
t4GWLqlO,0.3173737349471377,-0.2684192561441504,0.7564868919307474,-0.25368718811117513,-0.5010696599844346
t7gy6Jyy,-0.011584951060819915,-0.3069316094269531,0.5713270901819669,-0.6055949099310292,-0.4382348229560906
tBadzH60,0.5001594357492068,-0.2449358264004845,2.003910131313076,0.08802367294926955,-0.7543195202506154
tXUWm0hp,-0.27199915992550716,-0.2505487680229348,-0.4657328604882507,0.053768104313803355,-0.2618443902229124
te6UPPxf,-0.6118500121433015,-0.2983623376400245,-0.7109545095925347,-0.3671445462815432,-0.5071565980394104
ti2lamkL,0.1147945701664621,-0.23136616186797776,0.45090337902606203,0.10743291283704709,-0.6419743604585766
tr0lpwuU,-0.20788518192387917,-0.3078829595008875,-0.8194632778112927,1.3615239363216805,-1.4920766577704583
ttdB5C73,-0.17984454761523594,-0.2082303462081312,0.10184099207811803,-0.23498761926662431,-0.24008647411716555
twS8YZu9,-0.48039801827897866,-0.2764482326737713,-0.6680346198995466,-0.40723406918355326,-0.3000910619203616
tx68W34H,-0.43552838530106763,-0.2269615443007409,-0.8150072649080299,0.3558496499742007,-0.5054029705171792
tyQSX4mY,-0.13136619240035197,-0.2537524910479263,0.4301091486458617,-0.39176559983784637,-0.39651656083658193
tylKCRc0,-0.3945338868163204,-0.22496208205670443,-0.24839724157815102,-0.4111432998611237,0.44338250322087125
u1544WUo,-0.277343417357506,-0.25285075682372715,-0.24398975812269408,-0.1750505357833247,-0.5289680133965966
uAw9an0d,0.2387633768852666,-0.24554168042677138,0.5142944940264439,0.049625794895103936,-0.9810778963846929
uLZAEXMG,0.5823490245432245,-0.2766040649962481,1.8302289600178812,0.2666269117373174,-0.9978177740163063
uMwe1s7I,-0.4134889442286904,-0.2798446115798292,-0.8844003712827203,0.6026702223030791,-0.9884044203113789
ufhGeV3q,-0.4606564976388774,-0.23348043236666882,-0.45393575893288174,-0.5708399252488638,0.5194099937078615
uhAeGBHo,-0.32686149275902476,-0.20622758072817615,-0.5701862840100884,0.1319249005841781,-0.434106449561132
ujHNlqpw,0.43227747369061353,-0.27444655011874586,1.5058566018675434,0.14486128953293415,-0.9191328725675572
ulV6kuhB,-0.34827561502829596,-0.15205565881780259,-0.1345034022046766,-0.6157152034011038,1.0697835498687212
uohEnNEK,-0.4390661118883974,-0.3159820919770079,-1.3034076915379726,0.3558761488157815,-0.9680853617026153
v1lhA8I4,-0.39564631635167746,-0.23367197270482876,-0.01811041994324892,-1.0537836508319052,1.607649188691007
v3JzigLI,-0.3944026365029851,-0.2627720073049187,0.09127205319373,-0.3782910953272129,0.38597833301494744
v5IwjyIg,-0.38087742281285886,-0.3071190982149554,-0.8536138703238064,0.1045043443589358,-1.1342609140865332
v6lp5TK1,-0.31900502933713204,-0.19318327294011772,0.1416483590038684,-0.7265632459221607,0.7814659760410746
v8vOaaWq,-0.4431778779161817,-0.23254664094463062,-0.8026576305977824,-0.08085851559402574,0.12000509237049839
vAYKtoil,-0.20320359814476996,-0.2577811335153627,-0.672155174166616,0.5446893330504001,-1.3789400457564562
vGTNQa6G,0.5962899768369692,-0.18527569370801023,1.6723395075463168,0.38351669148383355,-0.7081694497621089
vQzNxHoL,-0.5263041727692233,-0.3004715104158996,-0.7488361415319827,-0.30811641671860496,-0.6715436648791602
vfZGBUJm,-0.3683102803435472,-0.24991285879524916,-0.1393686079474481,-0.24632077756624,-0.21991709338749044
vlooVUoT,-0.24485561803345246,-0.1539299829578894,-0.2982060744918442,0.055212760729148325,-0.17724293056948193
vrACvd4O,-0.37840325074314674,-0.26350650689075517,-0.34559820559920096,-0.028594188127452458,-0.5736808054276541
w8hdjLwb,-0.1947916327385295,-0.1983287525221782,0.22460318440765126,-0.4658715779722256,0.19401651843211531
wAntv4gH,0.1461194607154016,-0.17325294839887428,1.119594104385659,-0.32823461110907654,-0.05904063843833318
wIUL09q0,-0.4760287072235685,-0.3136846888535708,-0.14715343809454373,-0.44863787894570456,0.2452895831447125
wOzx7Fgz,-0.4437141780191416,-0.24490120157580886,-0.328948093256901,-0.2237953263994346,-0.037398506692035705
wPhjhCJQ,-0.5332196521713224,-0.21030080825928998,-0.5841379339149971,-0.700927168242008,1.5238375145555425
wQSWWmYB,-0.2789159734143021,-0.21701234418663862,-0.010464352439113263,-0.3629154913980532,-0.07852234342971731
wdIMrXwy,0.4520344977226507,-0.24892191432811306,2.0016788560782928,-0.09088814122000805,-0.5115024103367407
wiL9npQc,-0.4993081853606318,-0.20445379078955106,-0.3350816789809755,-0.6649915183526518,0.8457037419298833
wnU95Cxn,0.5279993002282274,-0.30025405226371926,1.8090387886301478,-0.11783786262070922,-0.8180334190755465
wpJbbjJs,0.009496709002583925,-0.199792252953227,0.4823940771864872,0.044548897481421046,-0.5395759390762989
wsOWTAbI,0.03363213266702347,-0.20657809962875295,0.4277673611643621,0.34126147617778074,-0.6855412291874949
wtdBcU3U,-0.4516010184180881,-0.3101208564739947,-0.05788556608708329,-0.4500375740358343,-0.07064204256393858
wuKXVxOc,-0.44830803771388483,-0.18583585510864953,-0.7169273368041332,-0.2950780750380145,0.46292666137987204
wyzadAt8,-0.5313609289411769,-0.21295073431349876,-0.7752033913134021,-0.7968915613023586,1.4914825286911233
wzaKzYwi,-0.22812863124729255,-0.24724514617164428,0.4900429839157985,-0.8450975608021436,0.7698585974651845
x6GCk4EV,-0.3441116616712714,-0.16692678093535684,-0.05936666929563051,-0.6335725931506335,1.063305860736544
x6lUi3vf,-0.09868618939167506,-0.27469977895266784,0.0843815658546545,0.33379464231794936,-1.074941596336832
x8mwDHv9,-0.4227212684136288,-0.2274508616615014,-0.29801474419261487,-0.4228597543934152,0.5578832273443202
xIYm6puH,0.20044056066164728,-0.22030552289141325,0.3956612681047028,0.3090670633769849,-0.9668473541665661
xO6UdpsK,0.09398923450115715,-0.24026730579949584,0.40582028786367463,-0.06427336977610093,-0.7615731609167897
xQ2bkOvj,-0.5263128452114558,-0.3282142584676703,-0.9194082621506392,0.4390767334520032,-0.9288339760208804
xeXyDCEQ,0.8545696687378281,-0.21361341025437885,1.5770444420759975,0.5325741818886489,-1.0851318388108218
xrggHziO,-0.09086068169978878,-0.21851011135867127,0.260620983861634,-0.20706545267988513,-0.26320728778964964
y1WMCmqQ,-0.49392904913599534,-0.24540023665327815,-0.9692526698907352,-0.3916912096140203,-0.16047921400477916
yDngezhM,-0.3859057118192928,-0.34025239205051094,-0.003768840700018046,-0.48897357497963473,-0.180047252842785
yLiFjMD0,-0.3141945126045278,-0.11637294975797385,0.003034618742117627,-0.5040318813137714,0.8624449531113733
ySwEBO7w,-0.5280875291496807,-0.2625853205527158,-0.6193883600482157,-0.31066631164802855,-0.3774621675763137
ydC9UsSm,-0.39875857650466595,-0.23410372566337123,-0.8962787321980826,0.06767695925766709,0.04203279621046663
ydEG4VBd,-0.26002986762603975,-0.22670831691055038,-0.2610516072965896,-0.17775709093390107,-0.3622671673964477
yf76yWXc,0.09970630897719002,-0.21857557043156695,0.9624367653401174,-0.18190218237866612,-0.46293213411892054
yg70e63n,-0.21012854637344525,-0.17820424073107766,-0.1712316795271227,0.04673846209278948,-0.46223045082913994
ywxtlSKv,-0.302954882281649,-0.26087660291036385,-1.010669610698262,0.12532041126373933,-0.8961709285026054
yzKPQPOR,-0.51261452920876,-0.3012817789277863,-0.9201492201989353,0.5408191503370696,-1.0447539093602018
z5cnOnZ1,-0.45313369303594375,-0.28967751965646915,-0.4975740015377983,-0.16894783085972015,-0.5321953744173122
zFLkOE0e,0.005226068688733321,-0.25766633251391813,0.383210156854357,-0.04393026577782705,-0.6882731676968821
zGi72mxL,-0.23978981328559756,-0.25315155756326124,-0.3114618588307486,0.5419795387930244,-1.2441154007305018
zN925UV3,-0.3877570795848244,-0.22961763945955094,-0.3685057870212629,-0.017932313097249353,-0.4844689640534299
zTy2ih7e,-0.5067994790132442,-0.2218371673792081,-0.7052907938770558,-0.4118517003585372,0.3850138112971221
zVFzAutw,-0.2131261745891173,-0.11023636992938568,0.03921007554112709,-0.34143167593181684,0.5060966156814038
zYxNAkht,-0.3789077890732788,-0.27770336515465066,-0.017350733049246843,-0.5829918031062717,0.8516590915110005
zaWDBai3,-0.3647068517730201,-0.17940454943764694,-0.08295492124968984,-0.22444963160773962,0.3571366687065961
zg3u0Zsx,-0.2345393061342218,-0.16928235448505535,-0.012471071306606525,-0.06633983276542238,-0.19623690894586399
zlwLfdsS,-0.3725869098349679,-0.2665846210562671,-0.9997104088519508,0.8830617998265455,-1.092855432692678
zmbKzVfl,-0.37688786662168283,-0.19103198442914215,-0.6184772342682758,0.02219902252330691,-0.0481349111404894
